{
  "//COMMENT//":"Le fichier controle l'affichage des images et textes des sections NavBar, Footer, Hero et About",
  "logoLight":"img/logo-light.png",
  "logoDark":"img/logo-dark.png",
  "heroBG":"img/hero-bg.jpg",
  "divergence":" By Divergent Studio.",
  "siteName":{
    "fr":"ELASTIC HAYWAY",
    "en":"ELASTIC HAYWAY"
  },
  "tag": {
    "fr": "Pour comprendre les opportunités en BIGDATA",
    "en": "Here to help you understand BIGDATA."
  },
  "name": "Haythem Rehouma",
  "bio": {
    "fr": "<p>Je suis titulaire d’un doctorat en recherche appliquée et génie biomédicale de l’école de technologie Supérieure de Montréal. Je dispose également d’une maîtrise en systèmes de communication et d’un diplôme d’ingénieur en télécommunications. J'ai eu le privilège de pouvoir mener des recherches dans les domaines du génie biomédical, de l'apprentissage machine et des algorithmes de vision par ordinateur. Cette recherche est en outre étayée par ma participation en tant qu’examinateur de revues scientifiques internationales. Au cours des deux dernières années, je me suis forgé une réputation dans le milieu académique en publiant plusieurs travaux scientifiques originaux.</p>",
    "en": "<p>My previous Ph.D. Academic studies and post-doctoral experience enabled me to enhance my capabilities and provided me with valuable expertise in the use of statistical and machine-learning models and methods in applied health science. I have been privileged to receive the opportunity to conduct research for leading experts in the fields of biomedical engineering, machine learning and computer vision algorithms, amongst others. This research is further underpinned by my participation as a Journal Reviewer for various international journals and peer-reviewed articles. Over the last 2 years, I have established a reputation as a credible researcher with a considerable number of contributions in the biomedical engineering field that have been reviewed and published internationally.</p>"
  },
  "thumb": "img/about-left-thumb.jpg",
  "title": {
    "fr": "À propos",
    "en": "About me"
  },
  "social": {
    "fr": "Partager",
    "en": "Share"
  },
  "socialMedia": [
    {
      "id": 1,
      "media": "facebook",
      "icon": "FaFacebookF",
      "link": "https://fb.com/username"
    },
    {
      "id": 2,
      "media": "twitter",
      "icon": "FaTwitter",
      "link": "https://twitter.com/username"
    },
    {
      "id": 3,
      "media": "linkedin",
      "icon": "FaLinkedinIn",
      "link": "https://linkedin.com/in/haythemrehouma"
    },
    {
      "id": 4,
      "media": "github",
      "icon": "FaGithub",
      "link": "https://github.com/hrhouma"
    }
  ]
}