{
  "formText":{
    "fr":"Ce formulaire est la façon la plus efficace pour nous joindre.",
    "en":"This form is the most efficient way to get in touch with us."
  },
  "name": {
    "fr": "Votre nom*",
    "en": "Name here*"
  },
  "email": {
    "fr": "Votre courriel*",
    "en": "Email here*"
  },
  "text": {
    "fr": "Votre message*",
    "en": "Text here*"
  },
  "security": {
    "fr": "Question de sécurité:",
    "en": "Are you human?"
  },
  "button": {
    "fr": "ENVOYER",
    "en": "SEND MESSAGE"
  },
  "sending": {
    "fr": "EN COURS",
    "en": "SENDING"
  },
  "thankYou": {
    "fr": "Merci pour le message☝",
    "en": "Thanks for Contact with me☝"
  },
  "error": {
    "fr": "Erreur de calcul!",
    "en": "Addition didn't match!"
  }
}