[
  {
    "id": 1,
    "name": {
      "fr": "Accueil",
      "en": "Home"
    },
    "href": "hero"
  },
  {
    "id": 2,
    "name": {
      "fr": "À Propos",
      "en": "About"
    },
    "href": "about"
  },
  {
    "id": 3,
    "name": {
      "fr": "Publications",
      "en": "Publications"
    },
    "href": "publications"
  },
  {
    "id": 4,
    "name": {
      "fr": "Portfolio",
      "en": "Portfolio"
    },
    "href": "portfolio"
  },
  {
    "id": 5,
    "name": {
      "fr": "Contact",
      "en": "Contact"
    },
    "href": "contact"
  }
]