[
  {
    "id": 1,
    "name": "Credly",
    "url": "https://www.credly.com/users/haythem-rehouma/badges",
    "desc": "",
    "icon": "/img/service-web-design.png"
  },
  {
    "id": 2,
    "name": "Scholar",
    "url": "https://scholar.google.ca/citations?user=DvrZsZIAAAAJ&hl=fr",
    "desc": "",
    "icon": "/img/service-illustrator.png"
  },
  {
    "id": 3,
    "name": "Académia",
    "url": "https://esprit.academia.edu/HaythemRehouma",
    "desc": "",
    "icon": "/img/service-branding.png"
  },
  {
    "id": 4,
    "name": "ORCDI: Open Researcher and Contributor",
    "url": "https://orcid.org/0000-0002-2617-5912 ",
    "desc": "",
    "icon": "/img/service-web-design.png"
  },
  {
    "id": 5,
    "name": "IEEE: The professional home for the engineering and technology community worldwide",
    "url": "https://ieeexplore.ieee.org/author/37085641665",
    "desc": "",
    "icon": "/img/service-illustrator.png"
  },
  {
    "id": 6,
    "name": "mdpi.com",
    "url": "https://www.mdpi.com/1424-8220/20/24/7252",
    "desc": "",
    "icon": "/img/service-branding.png"
  },
  {
    "id": 7,
    "name": "National Library of Medecine",
    "url": "https://pubmed.ncbi.nlm.nih.gov/30273831/",
    "desc": "",
    "icon": "/img/service-web-design.png"
  },
  {
    "id": 8,
    "name": "École des Technologies Supérieurs",
    "url": "https://espace.etsmtl.ca/id/eprint/2429/",
    "desc": "",
    "icon": "/img/service-illustrator.png"
  },
  {
    "id": 9,
    "name": "Journal of Koreen medecine",
    "url": "http://www.jkspm.org/journal/citedBy.html?doi=10.13066/kspm.2016.11.3.119",
    "desc": "",
    "icon": "/img/service-branding.png"
  },
  {
    "id": 10,
    "name": "Researcher life",
    "url": "https://covid19.researcher.life/article/advancements-in-methods-and-camera-based-sensors-for-the-quantification-of-respiration/76f7b363-22a9-4563-a900-7f15ace497fd",
    "desc": "",
    "icon": "/img/service-web-design.png"
  },
  {
    "id": 11,
    "name": "semanticscholar.org",
    "url": "https://pdfs.semanticscholar.org/927b/ba19236010c8b04678e511dfc3e8bc483f37.pdf",
    "desc": "",
    "icon": "/img/service-illustrator.png"
  },
  {
    "id": 12,
    "name": "e-tarjome.com",
    "url": "https://e-tarjome.com/storage/panel/fileuploads/2019-11-16/1573909298_E13992-e-tarjome.pdf",
    "desc": "",
    "icon": "/img/service-branding.png"
  },
  {
    "id": 13,
    "name": "x-mol.com",
    "url": "https://en.x-mol.com/paper/article/1339684742281814016",
    "desc": "",
    "icon": "/img/service-web-design.png"
  },
  {
    "id": 14,
    "name": "Wiley Online Library",
    "url": "https://onlinelibrary.wiley.com/doi/abs/10.1046/j.1460-9592.2003.01146.x",
    "desc": "",
    "icon": "/img/service-illustrator.png"
  }
]
