[
  {
    "id": 1,
    "title": {
  		"fr":"Service 1 FR",
	  	"en":"Service 1 EN"
		},
    "desc": {
		  "fr":"Desc FR",
		  "en":"Desc EN"
		}, 
    "icon": "service-web-design.png"
  },
  {
    "id": 2,
    "title": {
      "fr": "Service 2 FR",
      "en": "Service 2 EN"
    },
    "desc": {
      "fr": "Desc FR",
      "en": "Desc EN"
    },
    "icon": "service-illustrator.png"
  },
  {
    "id": 3,
    "title": {
      "fr": "Service 3 FR",
      "en": "Service 3 EN"
    },
    "desc": {
      "fr": "Desc FR",
      "en": "Desc EN"
    },
    "icon": "service-branding.png"
  }
]